<?xml version='1.0' encoding='UTF-8' ?>
<!DOCTYPE toc
  PUBLIC 
  "-//Sun Microsystems Inc.//DTD 
   JavaHelp TOC Version 2.0//EN"
  "http://java.sun.com/products/javahelp/toc_2_0.dtd">
<toc version="2.0" categoryclosedimage="chapter" topicimage="topic">
  <tocitem image="toplevelfolder" target="top" text="Referências do Logisim">
	<tocitem target="guide" text="Guia para se tornar usuário do Logisim">
		<tocitem target="tutorial" text="Tutorial para o iniciante">
			<tocitem target="tutorial_orient" text="Passo 0: Para orientar-se" />
			<tocitem target="tutorial_gates" text="Passo 1: Para acrescentar portas" />
			<tocitem target="tutorial_wires" text="Passo 2: Para acrescentar conexões" />
			<tocitem target="tutorial_text" text="Passo 3: Para acrescentar texto" />
			<tocitem target="tutorial_test" text="Passo 4: Para testar seu circuito" />
			<tocitem target="tutorial_step" text="Step 5: Step by step mode"/>
		</tocitem>
		<tocitem target="gui" text="Bibliotecas e atributos">
			<tocitem target="gui_canvas" text="The canvas"/>
			<tocitem target="gui_menu" text="The menus"/>
			<tocitem target="gui_explore" text="O painel explorador" />
			<tocitem target="gui_toolsbar" text="The tools bars"/>
			<tocitem target="gui-attribut" text="A tabela de atributos" />
			<tocitem target="gui-attrcomp" text="Atributos de ferramenta e componente" />
		</tocitem>
		<tocitem target="subcirc" text="Subcircuitos">
			<tocitem target="subcirc_creating" text="Para criar circuitos" />
			<tocitem target="subcirc_using" text="Para usar subcircuitos" />
			<tocitem target="subcirc_appear" text="Selecção do aspecto de um subcircuito" />
			<tocitem target="subcirc_personalise" text="Personalizar a aparência"/>
			<tocitem target="subcirc_debug" text="Para depurar subcircuitos" />
			<tocitem target="subcirc_library" text="Bibliotecas do Logisim" />
		</tocitem>
		<tocitem target="features" text="Características adicionais">
			<tocitem target="bundles_creating" text="Para criar conexões" />
			<tocitem target="bundles_splitting" text="Distribuidores" />
			<tocitem target="bundles_colors" text="Cores das conexões" />
			<tocitem target="features_autolabel" text="Etiquetas auto-numeradas" />
			<tocitem target="features_matrix" text="Colocando componentes em uma matriz" />
		</tocitem>
		<tocitem target="mem_guide" text="Componentes de memória">
			<tocitem target="mem_poke" text="Para testar memória" />
			<tocitem target="mem_hex" text="Editor hexadecimal " />	
			<tocitem target="mem_menu" text="Menus pop-up e arquivos" />
			<tocitem target="mem_filetabel" text="Painel de arquivo de memória"/>
			<tocitem target="mem_v2raw" text="Arquivo v2raw" />
			<tocitem target="mem_v3word" text="Arquivo v3word"/>
			<tocitem target="mem_v3byte" text="Arquivo v3byte"/>
			<tocitem target="mem_binary" text="Arquivo binário"/>
			<tocitem target="mem_ascii" text="Arquivo ASCII"/>
		</tocitem>
		<tocitem target="analyze" text="Análise combinacional">
			<tocitem target="analyze_open" text="Para abrir a Análise Combinacional" />
			<tocitem target="analyze_table" text="Para editar a tabela-verdade" />
			<tocitem target="analyze_expr" text="Para criar expressões" />
			<tocitem target="analyze_gen" text="Para gerar um circuito" />
			<tocitem target="analyze_expimp" text="Exportar / importar a tabela "/>
		</tocitem>
		<tocitem target="log" text="Registro">
			<tocitem target="log_selection" text="A aba Seleção" />
			<tocitem target="log_timetable" text="Timetable window" />
		</tocitem>
		<tocitem target="verify" text="Verificação por linha de comando">
			<tocitem target="verify_sub" text="Para substituir bibliotecas" />
			<tocitem target="verify_other" text="Outras opções para verificação" />
			<tocitem target="verify_multi" text="Para testar vários arquivos" />
			<tocitem target="verify_test" text="Test Vectors" />
		</tocitem>
		<tocitem target="menu" text="Referência para menus">
			<tocitem target="menu_file" text="O menu Arquivo" />
			<tocitem target="menu_edit" text="O menu Editar" />
			<tocitem target="menu_project" text="O menu Projeto" />
			<tocitem target="menu_simulate" text="O menu Simular" />
			<tocitem target="menu_winhelp" text="Os menus Janela e Ajuda" />
			<tocitem target="menu_exportab" text="Export Image"/>  
			<tocitem target="menu_printertab" text="Printing "/>
			<tocitem target="menu_assembly" text="Assembly viewer"/>
		</tocitem>
		<tocitem target="prefs" text="Preferências para a aplicação">
			<tocitem target="prefs_template" text="A aba Gabarito" />
			<tocitem target="prefs_intl" text="A aba Internacional" />
			<tocitem target="prefs_window" text="A aba Janela" />
			<tocitem target="prefs_layout" text="A aba Layout" />
<!--	<tocitem target="prefs_simulation" text="L'onglet simulation"/> -->
			<tocitem target="prefs_exp" text="A aba Experimental" />
<!--	<tocitem target="prefs_sofware" text="L'onglet Logicile tiers"/> -->
<!--	<tocitem target="prefs_fpga" text="L'onglet FPGA Commander settings"/> -->
			<tocitem target="prefs_cmdline" text="A linha de comando" />
		</tocitem>
		<tocitem target="opts" text="Opções de projeto">
			<tocitem target="opts_simulate" text="A aba Simulação" />
			<tocitem target="opts_toolbar" text="A aba Ferramentas" />
			<tocitem target="opts_mouse" text="A aba Mouse" />
		</tocitem>
		<tocitem target="prop" text="Propagação de sinal">
			<tocitem target="prop_delays" text="Atrasos de portas" />
			<tocitem target="prop_oscillate" text="Erros de oscilação" />
			<tocitem target="prop_shortcome" text="Deficiências" />
		</tocitem>
<!--		<tocitem target="hdl-ip" text="HDL IP">
			<tocitem target="hdl-ip_vhdlcomp" text="VHDL Entity" />
			<tocitem target="hdl-ip_questa" text="Configuring Questa Advanced Simulator" />
			<tocitem target="hdl-ip_simulation" text="VHDL simulator" />
			<tocitem target="hdl-ip_testbenchs" text="Simulating test benchs" />
		</tocitem> -->
		<tocitem target="jar" text="Bibliotecas JAR">
			<tocitem target="jar_incr" text="Incrementador em código de Gray" />
			<tocitem target="jar_library" text="Classe Biblioteca" />
			<tocitem target="jar_simpctr" text="Contador simples em código de Gray" />
			<tocitem target="jar_counter" text="Contador em código de Gray" />
			<tocitem target="jar_guide" text="Orientações" />
		</tocitem>
		<tocitem target="about" text="Sobre o programa">
			<tocitem target="about_gpl" text="GNU General Public License" />
			<tocitem target="about_gpl-tr" text="GNU General Public License (PR)" />
		</tocitem>
	</tocitem>

	<tocitem target="libs" text="Referências para bibliotecas">
		<tocitem target="wiring" text="Biblioteca Conexão">
			<tocitem target="wiring_splitter" text="Distribuidor" image="icon_splitter" />
			<tocitem target="wiring_pin" text="Pino" image="icon_pin" />
			<tocitem target="wiring_probe" text="Ponta de prova" image="icon_probe" />
			<tocitem target="wiring_tunnel" text="Túnel" image="icon_tunnel" />
			<tocitem target="wiring_pull" text="Resistor para ajuste" image="icon_pull" />
			<tocitem target="wiring_clock" text="Clock" image="icon_clock" />
			<tocitem target="wiring_por" image="icon_por" text="Power On Reset"/>
			<tocitem target="wiring_constant" text="Constante" image="icon_constant" />
			<tocitem target="wiring_const01" text="Fonte/Terra" image="icon_const01" />
			<tocitem target="wiring_notconnect" text="Não conecte" image="icon_notconnect" />
			<tocitem target="wiring_transist" text="Transistor" image="icon_transist" />
			<tocitem target="wiring_transmis" text="Transmissor" image="icon_transmis" />
			<tocitem target="wiring_extender" text="Extensor de Bit" image="icon_extender" />
	  </tocitem>
	  <tocitem target="gates" text="Biblioteca Portas">
			<tocitem target="gates_not" text="Porta NOT" image="icon_not" />
			<tocitem target="gates_buffer" text="Buffer" image="icon_buffer" />
			<tocitem target="gates_basic" text="Portas AND/OR/NAND/NOR" image="icon_basic" />
			<tocitem target="gates_xor" text="Portas XOR/XNOR/Paridade par/ímpar" image="icon_xor" />
			<tocitem target="gates_controlled" text="Buffer/Inversor controlado" image="icon_controlled" />
			<tocitem target="gates_PLA" text="Programmable logic array" image="icon_pla" />
	  </tocitem>
	  <tocitem target="plexers" text="Biblioteca Plexers">
			<tocitem target="plexers_mux" text="Multiplexador" image="icon_mux" />
			<tocitem target="plexers_demux" text="Demultiplexador" image="icon_demux" />
			<tocitem target="plexers_decoder" text="Decodificador" image="icon_decoder" />
			<tocitem target="plexers_priencod" text="Codificador de prioridades" image="icon_priencod" />
			<tocitem target="plexers_selector" text="Seletor de bits" image="icon_selector" />
		</tocitem>
		<tocitem target="arith" text="Biblioteca Aritmética">
			<tocitem target="arith_adder" text="Somador" image="icon_adder" />
			<tocitem target="arith_subtractor" text="Subtrator" image="icon_subtractor" />
			<tocitem target="arith_multiplier" text="Multiplicador" image="icon_multiplier" />
			<tocitem target="arith_divider" text="Divisor" image="icon_divider" />
			<tocitem target="arith_negator" text="Negador" image="icon_negator" />
			<tocitem target="arith_comparator" text="Comparador" image="icon_comparator" />
			<tocitem target="arith_shifter" text="Deslocador" image="icon_shifter" />
			<tocitem target="arith_bitadder" text="Contador de bits" image="icon_bitadder" />
			<tocitem target="arith_bitfinder" text="Indexador de bits" image="icon_bitfinder" />
		</tocitem>
		<tocitem target="mem" text="Biblioteca Memória">
			<tocitem target="mem_flipflops" text="Flip-Flop D/T/J-K/S-R" image="icon_flipflops" />
			<tocitem target="mem_register" text="Registrador" image="icon_register" />
			<tocitem target="mem_counter" text="Contador" image="icon_counter" />
			<tocitem target="mem_shiftreg" text="Registrador de deslocamento" image="icon_shiftreg" />
			<tocitem target="mem_random" text="Gerador aleatório" image="icon_random" />
			<tocitem target="mem_ram" text="RAM" image="icon_ram" />
			<tocitem target="mem_rom" text="ROM" image="icon_rom" />
	  </tocitem>
	  <tocitem target="io" text="Biblioteca Entrada/Saída">
			<tocitem target="io_button" text="Botão" image="icon_button" />
			<tocitem target="io_DIP" text="DIP Switch" image="icon_DIP" />
			<tocitem target="io_joystick" text="Joystick" image="icon_joystick" />
			<tocitem target="io_keyboard" text="Teclado" image="icon_keyboard" />
			<tocitem target="io_led" text="LED" image="icon_led" />
			<tocitem target="io_ledRVB" text="LED rVB" image="icon_ledRVB" />
			<tocitem target="io_7seg" text="Display de 7-segmentos" image="icon_7seg" />
			<tocitem target="io_hexdig" text="Display hexadecimal" image="icon_hexdig" />
			<tocitem target="io_dotmat" text="Matriz de LEDs" image="icon_dotmat" />
			<tocitem target="io_tty" text="TTY" image="icon_tty" />
			<tocitem target="io_Port_IO" text="Port I/O" image="icon_Port_IO" />
			<tocitem target="io_Repetar" text="Reptar Local Bus" image="icon_repetar" />
			<tocitem target="io_videorvb" text="Video RVB" image="icon_videorvb" />
		</tocitem>
		<tocitem target="hdl" text="HDL-IP">
			<tocitem target="hdl_vhdlentity" text="VHDL Entity" image="icon_vhdl" />
		</tocitem>
		<!-- TTL mega functions 
		<tocitem target="ttl" text="TTL">
			<tocitem target="ttl_xxxx" text=button image="ttl_xxxx" />
		</tocitem>
		-->
		<tocitem target="tcl" text="TCL library">
			<tocitem target="tcl_reds_console" text="REDS console" image="icon_reds_console" />
			<tocitem target="tcl_generic" text="Generic" image="icon_generic" />
		</tocitem>
		<!-- BFH mega functions 
		<tocitem target="bfh" text="BFH mega functions">
			<tocitem target="bfh-BinairyBCD" text="Binairy to BCD" image="bfh_*******" />
			<tocitem target="bfh-BCDsevenseg" text="BCD to seven segment" image="bfh_***********" />
		</tocitem>
		-->
		<!-- Input/output-Extra
		<tocitem target="ioex" text="Input/Output-Extra">
			<tocitem target="ioex_proggen" text="Progr. generator" image="ioex_***********" />
			<tocitem target="ioex_switch" text="switch" image="ioex_***********" />
			<tocitem target="ioex_buzzer" text="Buzzer" image="ioex_***********" />
			<tocitem target="ioex_slider" text="Slider" image="ioex_***********" />
			<tocitem target="ioex_digitalscop" text="Digital oscilloscope" image="ioex_***********" />
			<tocitem target="ioex_plarom" text="Programmable logic array ROM" image="ioex_***********" />
		</tocitem>
		-->
		<tocitem target="soc" text = "SOC library">
			<tocitem target="nios2_sim" text ="Nios2 simulator" image="up_icon" />
			<tocitem target="socbus" text ="SOC bus interconnect" image="socbus_icon" />
		</tocitem>
		<tocitem target="Tests_for_doc" text="Tests for documentation">
			<tocitem target="test_hml_css" text="test_hml_css" />
			<tocitem target="Translation_status" text="Translation status" />
		</tocitem>
	</tocitem>
</tocitem>
</toc>
