<?xml version='1.0' encoding='UTF-8' ?>
<!DOCTYPE toc
  PUBLIC 
  "-//Sun Microsystems Inc.//DTD 
   JavaHelp TOC Version 2.0//EN"
  "http://java.sun.com/products/javahelp/toc_2_0.dtd">
<toc version="2.0" categoryclosedimage="chapter" topicimage="topic">
  <tocitem image="toplevelfolder" target="top" text="Ссылки Logisim">
	<tocitem target="guide" text="Руководство пользователя Logisim">
		<tocitem target="tutorial" text="Пособие начинающего">
			<tocitem target="tutorial_orient" text="Шаг 0: Осваиваемся" />
			<tocitem target="tutorial_gates" text="Шаг 1: Добавление логических элементов" />
			<tocitem target="tutorial_wires" text="Шаг 2: Добавление проводов" />
			<tocitem target="tutorial_text" text="Шаг 3: Добавление текста" />
			<tocitem target="tutorial_test" text="Шаг 4: Проверка вашей схемы" />
			<tocitem target="tutorial_step" text="Step 5: Step by step mode"/>
		</tocitem>
		<tocitem target="gui" text="Библиотеки и атрибуты">
			<tocitem target="gui_canvas" text="The canvas"/>
			<tocitem target="gui_menu" text="The menus"/>
			<tocitem target="gui_explore" text="Панель проводника" />
			<tocitem target="gui_toolsbar" text="The tools bars"/>
			<tocitem target="gui-attribut" text="Таблица атрибутов" />
			<tocitem target="gui-attrcomp" text="Атрибуты инструментов и компонентов" />
		</tocitem>
		<tocitem target="subcirc" text="Подсхемы">
			<tocitem target="subcirc_creating" text="Создание схем" />
			<tocitem target="subcirc_using" text="Использование подсхем" />
			<tocitem target="subcirc_appear" text="Выбор внешнего вида подсхемы" />
			<tocitem target="subcirc_personalise" text="Настроить внешний вид"/>
			<tocitem target="subcirc_debug" text="Отладка подсхем" />
			<tocitem target="subcirc_library" text="Библиотеки Logisim" />
		</tocitem>
		<tocitem target="features" text="Дополнительные особенности">
			<tocitem target="features_creating" text="Создайте кабельные пучка" />
			<tocitem target="features_splitting" text="Разветвители" />
			<tocitem target="features_colors" text="Цвета проводов" />
			<tocitem target="features_autolabel" text="лейбл автоматически пронумерованный" />
			<tocitem target="features_matrix" text="Размещение компонентов в матрице " />
		</tocitem>
		<tocitem target="mem_guide" text="Компоненты памяти">
			<tocitem target="mem_poke" text="Нажатие на память" />
			<tocitem target="mem_hex" text="Шестнадцатеричный редактор" />	
			<tocitem target="mem_menu" text="Всплывающие меню и файлы" />
			<tocitem target="mem_filetabel" text="Панель файлов памяти "/>
			<tocitem target="mem_v2raw" text="Файл v2raw" />
			<tocitem target="mem_v3word" text="Файл v3word"/>
			<tocitem target="mem_v3byte" text="Файл v3byte"/>
			<tocitem target="mem_binary" text="Файл двоичный"/>
			<tocitem target="mem_ascii" text="Файл ASCII"/>
		</tocitem>
		<tocitem target="analyze" text="Комбинационный анализ">
			<tocitem target="analyze_open" text="Открытие окна Комбинационный анализ" />
			<tocitem target="analyze_table" text="Редактирование таблицы истинности" />
			<tocitem target="analyze_expr" text="Создание выражений" />
			<tocitem target="analyze_gen" text="Создание схемы" />
		</tocitem>
		<tocitem target="log" text="Запись в журнал">
			<tocitem target="log_selection" text="Вкладка Выбор" />
			<tocitem target="log_timetable" text="Timetable window" />
		</tocitem>
		<tocitem target="verify" text="Проверка из командной строки">
			<tocitem target="verify_sub" text="Подстановка библиотек" />
			<tocitem target="verify_other" text="Другие параметры проверки" />
			<tocitem target="verify_multi" text="Проверка нескольких файлов" />
			<tocitem target="verify_test" text="Test Vectors" />			
		</tocitem>
		<tocitem target="menu" text="Справка по меню">
			<tocitem target="menu_file" text="Меню Файл" />
			<tocitem target="menu_edit" text="Меню Правка" />
			<tocitem target="menu_project" text="Меню Проект" />
			<tocitem target="menu_simulate" text="Меню Моделировать" />
			<tocitem target="menu_fpga" text="Меню FPGA"/>
			<tocitem target="menu_winhelp" text="Меню Окно и Справка" />
			<tocitem target="menu_exportab" text="Export Image"/>  
			<tocitem target="menu_printertab" text="Printing "/>
			<tocitem target="menu_assembly" text="Assembly viewer"/>
		</tocitem>
		<tocitem target="prefs" text="Настройки приложения">
			<tocitem target="prefs_template" text="Вкладка Шаблон" />
			<tocitem target="prefs_intl" text="Вкладка Интернациональные" />
			<tocitem target="prefs_window" text="Вкладка Окно" />
			<tocitem target="prefs_layout" text="Вкладка Чертёж" />
<!--	<tocitem target="prefs_simulation" text="L'onglet simulation"/> -->			
			<tocitem target="prefs_exp" text="Вкладка Экспериментальные" />
<!--	<tocitem target="prefs_sofware" text="L'onglet Logicile tiers"/> -->
<!--	<tocitem target="prefs_fpga" text="L'onglet FPGA Commander settings"/> -->
			<tocitem target="prefs_cmdline" text="Командная строка" />
		</tocitem>
		<tocitem target="opts" text="Параметры проекта">
			<tocitem target="opts_simulate" text="Вкладка Моделирование" />
			<tocitem target="opts_toolbar" text="Вкладка Панель инструментов" />
			<tocitem target="opts_mouse" text="Вкладка Мышь" />
		</tocitem>
		<tocitem target="prop" text="Просчёт значений">
			<tocitem target="prop_delays" text="Задержки логических элементов" />
			<tocitem target="prop_oscillate" text="Ошибки при возбуждении" />
			<tocitem target="prop_shortcome" text="Недостатки" />
		</tocitem>
<!--		<tocitem target="hdl-ip" text="HDL IP">
			<tocitem target="hdl-ip_vhdlcomp" text="VHDL Entity" />
			<tocitem target="hdl-ip_questa" text="Configuring Questa Advanced Simulator" />
			<tocitem target="hdl-ip_simulation" text="VHDL simulator" />
			<tocitem target="hdl-ip_testbenchs" text="Simulating test benchs" />
		</tocitem> -->
		<tocitem target="jar" text="Библиотеки JAR">
			<tocitem target="jar_incr" text="Инкрементатор кода Грея" />
			<tocitem target="jar_library" text="Класс Library" />
			<tocitem target="jar_simpctr" text="Простой счётчик кода Грея" />
			<tocitem target="jar_counter" text="Счётчик кода Грея" />
			<tocitem target="jar_guide" text="Указания" />
		</tocitem>
		<tocitem target="about" text="О программе">
			<tocitem target="about_gpl" text="Универсальная Общественная Лицензия GNU" />
			<tocitem target="about_gpl_tr" text="Универсальная Общественная Лицензия GNU (RU)" />
			</tocitem>
	</tocitem>

	<tocitem target="libs" text="Справка по библиотеке">
		<tocitem target="wiring" text="Библиотека Проводка">
			<tocitem target="wiring_splitter" text="Разветвитель" image="icon_splitter" />
			<tocitem target="wiring_pin" text="Контакт" image="icon_pin" />
			<tocitem target="wiring_probe" text="Датчик" image="icon_probe" />
			<tocitem target="wiring_tunnel" text="Тоннель" image="icon_tunnel" />
			<tocitem target="wiring_pull" text="Согласующий резистор" image="icon_pull" />
			<tocitem target="wiring_clock" text="Тактовый генератор" image="icon_clock" />
			<tocitem target="wiring_por" image="icon_por" text="Power On Reset"/>
			<tocitem target="wiring_constant" text="Константа" image="icon_constant" />
			<tocitem target="wiring_const01" text="Питание/Земля" image="icon_const01" />
			<tocitem target="wiring_notconnect" text="Не подключать" image="icon_notconnect" />
			<tocitem target="wiring_transist" text="Транзистор" image="icon_transist" />
			<tocitem target="wiring_transmis" text="Передаточный вентиль" image="icon_transmis" />
			<tocitem target="wiring_extender" text="Расширитель битов" image="icon_extender" />
		</tocitem>
		<tocitem target="gates" text="Библиотека Элементы">
			<tocitem target="gates_not" text="Элемент НЕ" image="icon_not" />
			<tocitem target="gates_buffer" text="Буфер" image="icon_buffer" />
			<tocitem target="gates_basic" text="Элементы И/ИЛИ/И-НЕ/ИЛИ-НЕ" image="icon_basic" />
			<tocitem target="gates_xor" text="Элементы Исключающее ИЛИ/Исключающее ИЛИ-НЕ/Нечётность/Чётность" image="icon_xor" />
			<tocitem target="gates_controlled" text="Управляемый буфер/инвертор" image="icon_controlled" />
			<tocitem target="gates_PLA" text="Programmable logic array" image="icon_pla" />
	  </tocitem>
	  <tocitem target="plexers" text="Библиотека Плексоры">
			<tocitem target="plexers_mux" text="Мультиплексор" image="icon_mux" />
			<tocitem target="plexers_demux" text="Демультиплексор" image="icon_demux" />
			<tocitem target="plexers_decoder" text="Декодер" image="icon_decoder" />
			<tocitem target="plexers_priencod" text="Шифратор приоритетов" image="icon_priencod" />
			<tocitem target="plexers_selector" text="Селектор битов" image="icon_selector" />
	  </tocitem>
	  <tocitem target="arith" text="Библиотека Арифметика">
			<tocitem target="arith_adder" text="Сумматор" image="icon_adder" />
			<tocitem target="arith_subtractor" text="Вычитатель" image="icon_subtractor" />
			<tocitem target="arith_multiplier" text="Множитель" image="icon_multiplier" />
			<tocitem target="arith_divider" text="Делитель" image="icon_divider" />
			<tocitem target="arith_negator" text="Отрицатель" image="icon_negator" />
			<tocitem target="arith_comparator" text="Компаратор" image="icon_comparator" />
			<tocitem target="arith_shifter" text="Сдвигатель" image="icon_shifter" />
			<tocitem target="arith_bitadder" text="Сумматор битов" image="icon_bitadder" />
			<tocitem target="arith_bitfinder" text="Искатель битов" image="icon_bitfinder" />
	  </tocitem>
	  <tocitem target="mem" text="Библиотека Память">
			<tocitem target="mem_flipflops" text="D/T/J-K/S-R триггеры" image="icon_flipflops" />
			<tocitem target="mem_register" text="Регистр" image="icon_register" />
			<tocitem target="mem_counter" text="Счётчик" image="icon_counter" />
			<tocitem target="mem_shiftreg" text="Сдвиговый регистр" image="icon_shiftreg" />
			<tocitem target="mem_random" text="Генератор случайных чисел" image="icon_random" />
			<tocitem target="mem_ram" text="ОЗУ" image="icon_ram" />
			<tocitem target="mem_rom" text="ПЗУ" image="icon_rom" />
	  </tocitem>
	  <tocitem target="io" text="Библиотека Ввод/вывод">
			<tocitem target="io_button" text="Кнопка" image="icon_button" />
			<tocitem target="io_DIP" text="DIP Switch" image="icon_DIP" />
			<tocitem target="io_joystick" text="Джойстик" image="icon_joystick" />
			<tocitem target="io_keyboard" text="Клавиатура" image="icon_keyboard" />
			<tocitem target="io_led" text="Светодиод" image="icon_led" />
			<tocitem target="io_ledRVB" text="светодиод RGB" image="icon_ledRVB" />
			<tocitem target="io_7seg" text="7-сегментный индикатор" image="icon_7seg" />
			<tocitem target="io_hexdig" text="Шестнадцатеричный индикатор" image="icon_hexdig" />
			<tocitem target="io_dotmat" text="Светодиодная матрица" image="icon_dotmat" />
			<tocitem target="io_tty" text="Терминал" image="icon_tty" />
			<tocitem target="io_Port_IO" text="Port I/O" image="icon_Port_IO" />
			<tocitem target="io_Repetar" text="Reptar Local Bus" image="icon_repetar" />
			<tocitem target="io_videorvb" text="Video RVB" image="icon_videorvb" />
		</tocitem>
		<tocitem target="hdl" text="HDL-IP">
			<tocitem target="hdl_vhdlentity" text="VHDL Entity" image="icon_vhdl" />
		</tocitem>
		<!-- TTL mega functions 
		<tocitem target="ttl" text="TTL">
			<tocitem target="ttl_xxxx" text=button image="ttl_xxxx" />
		</tocitem>
		-->
		<tocitem target="tcl" text="TCL library">
			<tocitem target="tcl_reds_console" text="REDS console" image="icon_reds_console" />
			<tocitem target="tcl_generic" text="Generic" image="icon_generic" />
		</tocitem>
		<!-- BFH mega functions 
		<tocitem target="bfh" text="BFH mega functions">
			<tocitem target="bfh-BinairyBCD" text="Binairy to BCD" image="bfh_*******" />
			<tocitem target="bfh-BCDsevenseg" text="BCD to seven segment" image="bfh_***********" />
		</tocitem>
		-->
		<!-- Input/output-Extra
		<tocitem target="ioex" text="Input/Output-Extra">
			<tocitem target="ioex_proggen" text="Progr. generator" image="ioex_***********" />
			<tocitem target="ioex_switch" text="switch" image="ioex_***********" />
			<tocitem target="ioex_buzzer" text="Buzzer" image="ioex_***********" />
			<tocitem target="ioex_slider" text="Slider" image="ioex_***********" />
			<tocitem target="ioex_digitalscop" text="Digital oscilloscope" image="ioex_***********" />
			<tocitem target="ioex_plarom" text="Programmable logic array ROM" image="ioex_***********" />
		</tocitem>
		-->
		<tocitem target="soc" text = "SOC library">
			<tocitem target="nios2_sim" text ="Nios2 simulator" image="up_icon" />
			<tocitem target="socbus" text ="SOC bus interconnect" image="socbus_icon" />
		</tocitem>
		<tocitem target="Tests_for_doc" text="Tests for documentation">
			<tocitem target="test_hml_css" text="test_hml_css" />
			<tocitem target="Translation_status" text="Translation status" />
		</tocitem>
<!--
	  <tocitem target="base" text="Библиотека Базовые">
			<tocitem target="base_poke" text="Инструмент Нажатие" image="icon_poke" />
			<tocitem target="base_edit" text="Инструмент Правка" image="icon_edit" />
			<tocitem target="base_select" text="Инструмент Выбор" image="icon_select" />
			<tocitem target="base_wiring" text="Инструмент Проводка" image="icon_wiring" />
			<tocitem target="base_text" text="Инструмент Текст" image="icon_text" />
			<tocitem target="base_menu" text="Инструмент Меню" image="icon_menu" />
			<tocitem target="base_label" text="Текст" image="icon_label" />
	  </tocitem>
-->
	</tocitem>
</tocitem>
</toc>
